responseid,reject
R_DTyvRsPVpxj0RrP,1
R_1QyJmIDtoe5XmQz,1
R_27JBJ9S76rlF0fi,1
R_2TMMWnFbjwq8vq4,1
R_27vNOfHJs51ygx4,1
R_2Cp5EnM3LkFZ109,1
R_10VsSFPYry3hQST,1
R_3MM8oTgNBkiTPVP,1
R_1CI6ODWnoYMsJur,1
R_1OMK0CXlOpwxAuj,1
R_eDpQHoylEaj2dnX,1
R_RWgoNQQFAhAaQCd,1
R_V3EMKWZlcA4pTcB,1
R_2BrIuis7Iq71mGE,1
R_2sJcF5Ez0nKvv9L,1
R_WAjwfuC5ip7Owpj,1
R_3rUKuN9PlRifoDk,1
R_1jyd2W61X0S14Ic,1
R_3iz0DDU7LjhQHh0,1
R_VX5GqUT4Iz6BwVX,1
R_3iVb7Z7iQedm5Pa,1
R_1o7vsyUq6E4r1xv,1
R_RzsK2BiaXRXiL9T,1
R_1Nko2XKv0Ryg1ep,1
R_2aIXtCj2aBIiqL6,1
R_2X4IXiYSNH4RFMs,1
R_1NgHDhj3lfsgRtM,1
R_Z1vmsuchJ7lfq9j,1
R_SUz1dQjdAFZZXSp,1
R_3R9rYV3QpvBFrOp,1
R_1M05KxjWSfLp2Y4,1
R_uxYGnasOgQDWMPD,1
R_2sbikgOdCzJsXeO,1
R_1hyWu5P4gCEqy3G,1
R_1NxGu4CHir1MQ7l,1
R_PNTuz3qkClpe4OR,1
R_10ryHsFWAIixucq,1
R_PNTuz3qkClpe4OR,1
R_NXcymt6JSUccZ0d,
R_2Y34atOuIzjMHFv,1
R_1jrgmG8JyG9K8Vz,1
R_3iDarxdiT94ZLNJ,1